{
    "dataset": "cicids",
    "logistic_regression": {
        "test_metrics": {
            "accuracy": 0.9755435406580246,
            "precision": 0.9767544796682127,
            "recall": 0.9755435406580246,
            "f1": 0.9750758722042454
        },
        "cv_metrics": {
            "accuracy_mean": 0.9758526250182282,
            "accuracy_std": 0.00028978883025783007,
            "f1_mean": 0.9754025559587391,
            "f1_std": 0.0002816131056069559
        }
    },
    "random_forest": {
        "test_metrics": {
            "accuracy": 0.9986134392182977,
            "precision": 0.9985736488177325,
            "recall": 0.9986134392182977,
            "f1": 0.9985861314999827
        },
        "cv_metrics": {
            "accuracy_mean": 0.9985379277671032,
            "accuracy_std": 1.356765874351359e-05,
            "f1_mean": 0.9985073788758984,
            "f1_std": 1.906047752390965e-05
        }
    }
}