{
    "dataset": "unsw",
    "logistic_regression": {
        "test_metrics": {
            "accuracy": 0.8843748102265137,
            "precision": 0.8846775114281135,
            "recall": 0.8843748102265137,
            "f1": 0.8840315660224988
        },
        "cv_metrics": {
            "accuracy_mean": 0.8776892127837244,
            "accuracy_std": 0.0033814553191718706,
            "f1_mean": 0.8774086017958902,
            "f1_std": 0.003373732341126911
        }
    },
    "random_forest": {
        "test_metrics": {
            "accuracy": 0.9740693508228578,
            "precision": 0.9741106114830945,
            "recall": 0.9740693508228578,
            "f1": 0.9740782112904173
        },
        "cv_metrics": {
            "accuracy_mean": 0.9765277461474227,
            "accuracy_std": 0.0008181701106996108,
            "f1_mean": 0.9765374553814062,
            "f1_std": 0.0008146551915394492
        }
    }
}