{
    "dataset": "unsw",
    "logistic_regression": {
        "test_metrics": {
            "accuracy": 0.8843748102265137,
            "precision": 0.8846775114281135,
            "recall": 0.8843748102265137,
            "f1": 0.8840315660224988
        },
        "cv_metrics": {
            "accuracy_mean": 0.8776892127837244,
            "accuracy_std": 0.0033814553191718706,
            "f1_mean": 0.8774086017958902,
            "f1_std": 0.003373732341126911
        }
    },
    "random_forest": {
        "test_metrics": {
            "accuracy": 0.9746158984635939,
            "precision": 0.9746806050274409,
            "recall": 0.9746158984635939,
            "f1": 0.9746273243459945
        },
        "cv_metrics": {
            "accuracy_mean": 0.9762696424504668,
            "accuracy_std": 0.0008379348501660304,
            "f1_mean": 0.976279679601047,
            "f1_std": 0.0008354661796656848
        }
    }
}